,crc,take_type,allo_block,wap,max_rate_wap,in_sw_allo,sd1_150,sd1_30,sd1_7,rate_ratio,ExtSiteID
0,CRC001087.2,Take Groundwater,A,K37/0093,45.5,True,0.0,0.0,0.0,0.20495495495495494,1688218
1,CRC001087.2,Take Groundwater,A,K37/0093,45.5,True,0.0,0.0,0.0,0.20495495495495494,168840
2,CRC001087.2,Take Groundwater,A,K37/0094,45.5,True,0.0,0.0,0.0,0.20495495495495494,1688218
3,CRC001087.2,Take Groundwater,A,K37/0094,45.5,True,0.0,0.0,0.0,0.20495495495495494,168840
4,CRC001087.2,Take Groundwater,A,K37/3239,45.5,True,100.0,99.0,99.0,0.20495495495495494,1688218
5,CRC001087.2,Take Groundwater,A,K37/3239,45.5,True,100.0,99.0,99.0,0.20495495495495494,168840
6,CRC001087.2,Take Groundwater,A,K37/3240,45.5,True,0.0,0.0,0.0,0.20495495495495494,1688218
7,CRC001087.2,Take Groundwater,A,K37/3240,45.5,True,0.0,0.0,0.0,0.20495495495495494,168840
8,CRC001087.2,Take Groundwater,A,K37/3272,40.0,True,0.0,0.0,0.0,0.18018018018018017,1688218
9,CRC001087.2,Take Groundwater,A,K37/3272,40.0,True,0.0,0.0,0.0,0.18018018018018017,168840
10,CRC001382,Take Groundwater,A,K37/0452,61.0,True,0.0,0.0,0.0,1.0,68801
11,CRC001382,Take Groundwater,A,K37/0452,61.0,True,0.0,0.0,0.0,1.0,168833
12,CRC001609,Take Groundwater,A,K37/1032,4.4,True,82.0,61.0,29.0,1.0,68801
13,CRC001953.1,Take Surface Water,A,K35/0048,28.0,True,100.0,100.0,100.0,0.3333333333333333,168834
14,CRC001953.1,Take Surface Water,A,K35/0048,28.0,True,100.0,100.0,100.0,0.3333333333333333,168849
15,CRC001953.1,Take Surface Water,A,K35/0048,28.0,True,100.0,100.0,100.0,0.3333333333333333,68801
16,CRC001953.1,Take Surface Water,A,K35/0049,28.0,True,100.0,100.0,100.0,0.3333333333333333,168834
17,CRC001953.1,Take Surface Water,A,K35/0049,28.0,True,100.0,100.0,100.0,0.3333333333333333,168849
18,CRC001953.1,Take Surface Water,A,K35/0049,28.0,True,100.0,100.0,100.0,0.3333333333333333,68801
19,CRC001953.1,Take Surface Water,A,K35/0050,28.0,True,100.0,100.0,100.0,0.3333333333333333,168834
20,CRC001953.1,Take Surface Water,A,K35/0050,28.0,True,100.0,100.0,100.0,0.3333333333333333,168849
21,CRC001953.1,Take Surface Water,A,K35/0050,28.0,True,100.0,100.0,100.0,0.3333333333333333,68801
22,CRC001999,Take Groundwater,A,K37/1066,5.0,True,86.0,69.0,41.0,1.0,68801
23,CRC002108,Take Groundwater,A,K36/0129,20.0,True,95.0,90.0,79.0,1.0,168834
24,CRC002108,Take Groundwater,A,K36/0129,20.0,True,95.0,90.0,79.0,1.0,68801
25,CRC010181,Take Surface Water,A,K37/2874,453.0,True,100.0,100.0,100.0,1.0,68801
26,CRC010181,Take Surface Water,A,K37/2874,453.0,True,100.0,100.0,100.0,1.0,168833
27,CRC010365,Take Groundwater,A,BX20/0038,38.0,True,90.0,78.0,56.0,1.0,168834
28,CRC010365,Take Groundwater,A,BX20/0038,38.0,True,90.0,78.0,56.0,1.0,68801
29,CRC010365,Take Groundwater,A,BX20/0038,38.0,True,90.0,78.0,56.0,1.0,168837
30,CRC011065.1,Take Groundwater,A,K37/1062,53.0,True,0.0,0.0,0.0,0.5,68801
31,CRC011065.1,Take Groundwater,A,K37/2116,53.0,True,0.0,0.0,0.0,0.5,68801
32,CRC011065.1,Take Groundwater,A,K37/2116,53.0,True,0.0,0.0,0.0,0.5,168833
33,CRC011072,Take Groundwater,A,K37/1294,50.0,True,0.0,0.0,0.0,1.0,68801
34,CRC011072,Take Groundwater,A,K37/1294,50.0,True,0.0,0.0,0.0,1.0,168833
35,CRC011116,Take Groundwater,A,K37/1317,1.3,True,93.0,84.0,68.0,1.0,68801
36,CRC011245,Take Surface Water,A,K36/0920,7100.0,True,100.0,100.0,100.0,1.0,68801
37,CRC011245,Take Surface Water,A,K36/0920,7100.0,True,100.0,100.0,100.0,1.0,168833
38,CRC011331.1,Take Groundwater,A,K37/0062,2.0,True,92.0,81.0,63.0,1.0,68801
39,CRC011820.3,Take Groundwater,A,K37/1604,4.0,False,77.0,52.0,18.0,0.5,68801
40,CRC011820.3,Take Groundwater,A,K37/1605,4.0,False,82.0,61.0,28.0,0.5,68801
41,CRC011923,Take Groundwater,A,K36/0130,36.0,True,87.0,72.0,45.0,1.0,168834
42,CRC011923,Take Groundwater,A,K36/0130,36.0,True,87.0,72.0,45.0,1.0,68801
43,CRC012482.1,Take Groundwater,A,K37/0434,49.0,True,88.0,73.0,47.0,0.3828125,68801
44,CRC012482.1,Take Groundwater,A,K37/0434,49.0,True,88.0,73.0,47.0,0.3828125,168833
45,CRC012482.1,Take Groundwater,A,K37/0461,49.0,True,89.0,75.0,51.0,0.3828125,68801
46,CRC012482.1,Take Groundwater,A,K37/0461,49.0,True,89.0,75.0,51.0,0.3828125,168833
47,CRC012482.1,Take Groundwater,A,K37/0462,30.0,True,91.0,80.0,60.0,0.234375,68801
48,CRC012482.1,Take Groundwater,A,K37/0462,30.0,True,91.0,80.0,60.0,0.234375,168833
49,CRC012671,Take Groundwater,A,K37/0792,13.0,True,90.0,77.0,54.0,1.0,168834
50,CRC012671,Take Groundwater,A,K37/0792,13.0,True,90.0,77.0,54.0,1.0,68801
51,CRC020211,Take Groundwater,A,K37/1333,45.0,True,98.0,95.0,90.0,1.0,168834
52,CRC020211,Take Groundwater,A,K37/1333,45.0,True,98.0,95.0,90.0,1.0,68801
53,CRC020484.1,Take Groundwater,A,K37/1360,100.0,True,0.0,0.0,0.0,1.0,68801
54,CRC020484.1,Take Groundwater,A,K37/1360,100.0,True,0.0,0.0,0.0,1.0,168833
55,CRC020951.2,Take Groundwater,A,K37/0561,30.0,True,0.0,0.0,0.0,1.0,1688218
56,CRC952016.1,Take Groundwater,A,K37/0561,30.0,True,0.0,0.0,0.0,1.0,1688218
57,CRC021057.1,Take Groundwater,A,K37/1430,40.0,True,96.0,91.0,81.0,1.0,68801
58,CRC021057.1,Take Groundwater,A,K37/1430,40.0,True,96.0,91.0,81.0,1.0,168833
59,CRC152835,Take Groundwater,A,K37/1430,105.0,True,96.0,91.0,81.0,0.695364238410596,68801
60,CRC152835,Take Groundwater,A,K37/1430,105.0,True,96.0,91.0,81.0,0.695364238410596,168833
61,CRC021199,Take Groundwater,A,K36/0549,26.0,True,99.0,98.0,95.0,0.5,68801
62,CRC021199,Take Groundwater,A,K36/0549,26.0,True,99.0,98.0,95.0,0.5,168833
63,CRC021199,Take Groundwater,A,K36/0549,26.0,True,99.0,98.0,95.0,0.5,168841
64,CRC021199,Take Groundwater,A,K36/0549,26.0,True,99.0,98.0,95.0,0.5,168846
65,CRC021199,Take Groundwater,A,K36/0550,26.0,False,0.0,0.0,0.0,0.5,68801
66,CRC021199,Take Groundwater,A,K36/0550,26.0,False,0.0,0.0,0.0,0.5,168833
67,CRC021199,Take Groundwater,A,K36/0550,26.0,False,0.0,0.0,0.0,0.5,168841
68,CRC021199,Take Groundwater,A,K36/0550,26.0,False,0.0,0.0,0.0,0.5,168846
69,CRC021736.5,Take Groundwater,A,K36/0101,38.0,True,92.0,82.0,64.0,0.5,68801
70,CRC021736.5,Take Groundwater,A,K36/0101,38.0,True,92.0,82.0,64.0,0.5,168833
71,CRC021736.5,Take Groundwater,A,K36/0203,38.0,True,94.0,87.0,73.0,0.5,68801
72,CRC021736.5,Take Groundwater,A,K36/0203,38.0,True,94.0,87.0,73.0,0.5,168833
73,CRC021736.5,Take Groundwater,A,K36/0203,38.0,True,94.0,87.0,73.0,0.5,168821
74,CRC021968.2,Take Groundwater,A,K37/1510,36.0,True,0.0,0.0,0.0,1.0,168834
75,CRC021968.2,Take Groundwater,A,K37/1510,36.0,True,0.0,0.0,0.0,1.0,68801
76,CRC022026,Take Groundwater,A,K36/0128,4.9,True,100.0,100.0,100.0,1.0,68801
77,CRC022026,Take Groundwater,A,K36/0128,4.9,True,100.0,100.0,100.0,1.0,168833
78,CRC022026,Take Groundwater,A,K36/0128,4.9,True,100.0,100.0,100.0,1.0,48
79,CRC022038,Take Groundwater,A,K37/0433,4.9,True,93.0,85.0,69.0,1.0,168834
80,CRC022038,Take Groundwater,A,K37/0433,4.9,True,93.0,85.0,69.0,1.0,68801
81,CRC022082,Take Groundwater,A,K36/0486,19.0,True,0.0,0.0,0.0,1.0,168834
82,CRC022082,Take Groundwater,A,K36/0486,19.0,True,0.0,0.0,0.0,1.0,68801
83,CRC030152.2,Take Groundwater,A,K37/1534,85.0,True,0.0,0.0,0.0,1.0,68801
84,CRC030152.2,Take Groundwater,A,K37/1534,85.0,True,0.0,0.0,0.0,1.0,168833
85,CRC030337,Take Groundwater,A,K36/0217,72.0,True,88.0,73.0,47.0,1.0,168834
86,CRC030337,Take Groundwater,A,K36/0217,72.0,True,88.0,73.0,47.0,1.0,68801
87,CRC030376.1,Take Groundwater,A,K36/0854,24.0,False,0.0,0.0,0.0,1.0,168834
88,CRC030376.1,Take Groundwater,A,K36/0854,24.0,False,0.0,0.0,0.0,1.0,68801
89,CRC030376.1,Take Groundwater,A,K36/0854,24.0,False,0.0,0.0,0.0,1.0,168837
90,CRC030557,Take Groundwater,A,K37/0431,39.0,True,95.0,89.0,77.0,1.0,68801
91,CRC030557,Take Groundwater,A,K37/0431,39.0,True,95.0,89.0,77.0,1.0,168833
92,CRC030598.2,Take Groundwater,A,K36/0922,53.0,True,69.0,38.0,7.0,1.0,68801
93,CRC030598.2,Take Groundwater,A,K36/0922,53.0,True,69.0,38.0,7.0,1.0,168833
94,CRC030598.2,Take Groundwater,A,K36/0922,53.0,True,69.0,38.0,7.0,1.0,168821
95,CRC030721,Take Groundwater,A,K37/0836,18.0,True,0.0,0.0,0.0,1.0,168834
96,CRC030721,Take Groundwater,A,K37/0836,18.0,True,0.0,0.0,0.0,1.0,68801
97,CRC120763,Take Groundwater,A,K37/0836,20.0,True,0.0,0.0,0.0,1.0,168834
98,CRC120763,Take Groundwater,A,K37/0836,20.0,True,0.0,0.0,0.0,1.0,68801
99,CRC030836,Take Groundwater,A,K37/1650,15.0,True,0.0,0.0,0.0,1.0,168834
100,CRC030836,Take Groundwater,A,K37/1650,15.0,True,0.0,0.0,0.0,1.0,68801
101,CRC031720,Take Surface Water,A,K36/0891,6.1,True,100.0,100.0,100.0,1.0,168834
102,CRC031720,Take Surface Water,A,K36/0891,6.1,True,100.0,100.0,100.0,1.0,68801
103,CRC032255,Take Groundwater,A,K37/1583,52.0,True,0.0,0.0,0.0,0.5,68801
104,CRC032255,Take Groundwater,A,K37/1583,52.0,True,0.0,0.0,0.0,0.5,168833
105,CRC032255,Take Groundwater,A,K37/1659,52.0,True,0.0,0.0,0.0,0.5,1688218
106,CRC032255,Take Groundwater,A,K37/1659,52.0,True,0.0,0.0,0.0,0.5,168840
107,CRC040121.2,Take Groundwater,A,K37/1725,34.0,True,0.0,0.0,0.0,1.0,168834
108,CRC040121.2,Take Groundwater,A,K37/1725,34.0,True,0.0,0.0,0.0,1.0,68801
109,CRC040799,Take Groundwater,A,K37/0899,7.25,True,96.0,91.0,83.0,1.0,68801
110,CRC040799,Take Groundwater,A,K37/0899,7.25,True,96.0,91.0,83.0,1.0,168833
111,CRC041831.1,Take Groundwater,A,K36/0697,38.0,True,0.0,0.0,0.0,0.2753623188405797,68801
112,CRC041831.1,Take Groundwater,A,K36/0697,38.0,True,0.0,0.0,0.0,0.2753623188405797,168833
113,CRC041831.1,Take Groundwater,A,K36/0802,50.0,True,0.0,0.0,0.0,0.36231884057971014,68801
114,CRC041831.1,Take Groundwater,A,K36/0802,50.0,True,0.0,0.0,0.0,0.36231884057971014,168833
115,CRC041831.1,Take Groundwater,A,K36/0919,50.0,True,0.0,0.0,0.0,0.36231884057971014,68801
116,CRC041831.1,Take Groundwater,A,K36/0919,50.0,True,0.0,0.0,0.0,0.36231884057971014,168833
117,CRC042190.2,Take Groundwater,A,K36/0651,28.0,True,0.0,0.0,0.0,0.7106598984771574,68801
118,CRC042190.2,Take Groundwater,A,K36/0651,28.0,True,0.0,0.0,0.0,0.7106598984771574,168833
119,CRC042190.2,Take Groundwater,A,K36/0704,11.4,True,78.0,54.0,20.0,0.2893401015228427,68801
120,CRC042190.2,Take Groundwater,A,K36/0704,11.4,True,78.0,54.0,20.0,0.2893401015228427,168833
121,CRC042230.1,Take Groundwater,A,K36/0817,97.0,True,0.0,0.0,0.0,1.0,68801
122,CRC042230.1,Take Groundwater,A,K36/0817,97.0,True,0.0,0.0,0.0,1.0,168833
123,CRC042230.1,Take Groundwater,A,K36/0817,97.0,True,0.0,0.0,0.0,1.0,168841
124,CRC042230.1,Take Groundwater,A,K36/0817,97.0,True,0.0,0.0,0.0,1.0,168846
125,CRC042462,Take Groundwater,A,K37/1334,10.0,True,0.0,0.0,0.0,1.0,1688218
126,CRC042462,Take Groundwater,A,K37/1334,10.0,True,0.0,0.0,0.0,1.0,168840
127,CRC050332.2,Take Groundwater,A,K37/2300,18.0,True,0.0,0.0,0.0,1.0,168834
128,CRC050332.2,Take Groundwater,A,K37/2300,18.0,True,0.0,0.0,0.0,1.0,68801
129,CRC050404.2,Take Groundwater,A,K37/2277,16.0,True,0.0,0.0,0.0,1.0,68801
130,CRC050404.2,Take Groundwater,A,K37/2277,16.0,True,0.0,0.0,0.0,1.0,168833
131,CRC050465.1,Take Groundwater,A,K36/0818,50.0,True,0.0,0.0,0.0,0.625,168834
132,CRC050465.1,Take Groundwater,A,K36/0818,50.0,True,0.0,0.0,0.0,0.625,68801
133,CRC050465.1,Take Groundwater,A,K36/0819,30.0,True,90.0,78.0,55.0,0.375,168834
134,CRC050465.1,Take Groundwater,A,K36/0819,30.0,True,90.0,78.0,55.0,0.375,68801
135,CRC050834.2,Take Groundwater,A,K37/2353,25.0,True,0.0,0.0,0.0,0.4166666666666667,68801
136,CRC050834.2,Take Groundwater,A,K37/2353,25.0,True,0.0,0.0,0.0,0.4166666666666667,168833
137,CRC050834.2,Take Groundwater,A,K37/2577,35.0,True,0.0,0.0,0.0,0.5833333333333334,68801
138,CRC050834.2,Take Groundwater,A,K37/2577,35.0,True,0.0,0.0,0.0,0.5833333333333334,168833
139,CRC050908.5,Take Groundwater,A,K36/0808,92.0,True,0.0,0.0,0.0,0.647887323943662,168834
140,CRC050908.5,Take Groundwater,A,K36/0808,92.0,True,0.0,0.0,0.0,0.647887323943662,68801
141,CRC050908.5,Take Groundwater,A,K36/0808,92.0,True,0.0,0.0,0.0,0.647887323943662,168837
142,CRC050908.5,Take Groundwater,A,K36/0836,50.0,True,0.0,0.0,0.0,0.352112676056338,168834
143,CRC050908.5,Take Groundwater,A,K36/0836,50.0,True,0.0,0.0,0.0,0.352112676056338,68801
144,CRC050908.5,Take Groundwater,A,K36/0836,50.0,True,0.0,0.0,0.0,0.352112676056338,168837
145,CRC050912.2,Take Groundwater,A,K37/1299,13.0,True,85.0,66.0,37.0,1.0,68801
146,CRC050912.2,Take Groundwater,A,K37/1299,13.0,True,85.0,66.0,37.0,1.0,168833
147,CRC050942.2,Take Groundwater,A,K36/0787,55.0,True,0.0,0.0,0.0,1.0,168834
148,CRC050942.2,Take Groundwater,A,K36/0787,55.0,True,0.0,0.0,0.0,1.0,68801
149,CRC050942.2,Take Groundwater,A,K36/0787,55.0,True,0.0,0.0,0.0,1.0,168837
150,CRC051182,Take Groundwater,A,K37/1990,11.0,True,0.0,0.0,0.0,1.0,168834
151,CRC051182,Take Groundwater,A,K37/1990,11.0,True,0.0,0.0,0.0,1.0,68801
152,CRC051278,Take Groundwater,A,K37/2437,87.0,True,0.0,0.0,0.0,1.0,68801
153,CRC051278,Take Groundwater,A,K37/2437,87.0,True,0.0,0.0,0.0,1.0,168833
154,CRC052582.2,Take Groundwater,A,K37/2386,62.0,True,0.0,0.0,0.0,1.0,68801
155,CRC052582.2,Take Groundwater,A,K37/2386,62.0,True,0.0,0.0,0.0,1.0,168833
156,CRC052646.1,Take Groundwater,A,K36/0815,31.0,True,0.0,0.0,0.0,1.0,168834
157,CRC052646.1,Take Groundwater,A,K36/0815,31.0,True,0.0,0.0,0.0,1.0,68801
158,CRC054382.1,Take Groundwater,A,BY20/0018,40.0,True,0.0,0.0,0.0,1.0,68801
159,CRC054382.1,Take Groundwater,A,BY20/0018,40.0,True,0.0,0.0,0.0,1.0,168833
160,CRC054610.1,Take Groundwater,A,K36/0823,86.0,True,0.0,0.0,0.0,1.0,68801
161,CRC054610.1,Take Groundwater,A,K36/0823,86.0,True,0.0,0.0,0.0,1.0,168833
162,CRC054610.1,Take Groundwater,A,K36/0823,86.0,True,0.0,0.0,0.0,1.0,168841
163,CRC054610.1,Take Groundwater,A,K36/0823,86.0,True,0.0,0.0,0.0,1.0,168846
164,CRC980368.2,Take Groundwater,A,K36/0823,86.0,True,0.0,0.0,0.0,0.671875,68801
165,CRC980368.2,Take Groundwater,A,K36/0823,86.0,True,0.0,0.0,0.0,0.671875,168833
166,CRC980368.2,Take Groundwater,A,K36/0823,86.0,True,0.0,0.0,0.0,0.671875,168841
167,CRC980368.2,Take Groundwater,A,K36/0823,86.0,True,0.0,0.0,0.0,0.671875,168846
168,CRC060738.1,Take Groundwater,A,K37/2486,21.0,True,0.0,0.0,0.0,1.0,168834
169,CRC060738.1,Take Groundwater,A,K37/2486,21.0,True,0.0,0.0,0.0,1.0,68801
170,CRC156174,Take Groundwater,A,K37/2486,28.0,True,0.0,0.0,0.0,1.0,168834
171,CRC156174,Take Groundwater,A,K37/2486,28.0,True,0.0,0.0,0.0,1.0,68801
172,CRC063212,Take Groundwater,A,K37/1508,6.5,True,0.0,0.0,0.0,1.0,1688218
173,CRC063212,Take Groundwater,A,K37/1508,6.5,True,0.0,0.0,0.0,1.0,168840
174,CRC064232,Take Groundwater,A,K37/2908,88.0,True,98.0,95.0,90.0,1.0,1688218
175,CRC064232,Take Groundwater,A,K37/2908,88.0,True,98.0,95.0,90.0,1.0,168840
176,CRC080795,Take Groundwater,A,K37/3048,9.5,True,82.0,62.0,30.0,1.0,68801
177,CRC081224,Take Surface Water,B,K36/1036,200.0,True,100.0,100.0,100.0,1.0,168834
178,CRC081224,Take Surface Water,B,K36/1036,200.0,True,100.0,100.0,100.0,1.0,68801
179,CRC110621,Take Groundwater,A,K37/0178,12.5,True,94.0,86.0,71.0,1.0,68801
180,CRC111089.1,Take Groundwater,A,K37/2080,10.0,True,86.0,70.0,42.0,0.5,68801
181,CRC111089.1,Take Groundwater,A,K37/3246,10.0,True,88.0,73.0,47.0,0.5,68801
182,CRC122027,Take Groundwater,A,K37/3571,4.99,True,0.0,0.0,0.0,1.0,68801
183,CRC122521,Take Surface Water,A,BX20/0009,20.0,True,100.0,100.0,100.0,1.0,168834
184,CRC122521,Take Surface Water,A,BX20/0009,20.0,True,100.0,100.0,100.0,1.0,168849
185,CRC122521,Take Surface Water,A,BX20/0009,20.0,True,100.0,100.0,100.0,1.0,68801
186,CRC122704,Take Groundwater,A,K36/1080,4.5,True,0.0,0.0,0.0,1.0,68801
187,CRC122704,Take Groundwater,A,K36/1080,4.5,True,0.0,0.0,0.0,1.0,168833
188,CRC122704,Take Groundwater,A,K36/1080,4.5,True,0.0,0.0,0.0,1.0,168841
189,CRC122704,Take Groundwater,A,K36/1080,4.5,True,0.0,0.0,0.0,1.0,168846
190,CRC122886,Take Groundwater,A,K36/0576,2.25,True,96.0,90.0,80.0,1.0,68801
191,CRC122886,Take Groundwater,A,K36/0576,2.25,True,96.0,90.0,80.0,1.0,168833
192,CRC122886,Take Groundwater,A,K36/0576,2.25,True,96.0,90.0,80.0,1.0,48
193,CRC132046,Take Groundwater,A,K36/0206,60.0,True,0.0,0.0,0.0,0.5958291956305859,68801
194,CRC132046,Take Groundwater,A,K36/0206,60.0,True,0.0,0.0,0.0,0.5958291956305859,168833
195,CRC132046,Take Groundwater,A,K36/0225,22.7,True,70.0,39.0,8.0,0.22542204568023833,68801
196,CRC132046,Take Groundwater,A,K36/0225,22.7,True,70.0,39.0,8.0,0.22542204568023833,168833
197,CRC132046,Take Groundwater,A,K36/0387,18.0,True,92.0,83.0,66.0,0.17874875868917575,68801
198,CRC132046,Take Groundwater,A,K36/0387,18.0,True,92.0,83.0,66.0,0.17874875868917575,168833
199,CRC134426,Take Surface Water,A,K36/0890,7.7,True,100.0,100.0,100.0,1.0,68801
200,CRC134426,Take Surface Water,A,K36/0890,7.7,True,100.0,100.0,100.0,1.0,168833
201,CRC134426,Take Surface Water,A,K36/0890,7.7,True,100.0,100.0,100.0,1.0,168821
202,CRC140903,Take Groundwater,A,K36/0640,58.0,True,0.0,0.0,0.0,0.5,68801
203,CRC140903,Take Groundwater,A,K36/0640,58.0,True,0.0,0.0,0.0,0.5,168833
204,CRC154477,Take Groundwater,A,K36/0640,40.0,True,0.0,0.0,0.0,0.23529411764705882,68801
205,CRC154477,Take Groundwater,A,K36/0640,40.0,True,0.0,0.0,0.0,0.23529411764705882,168833
206,CRC140903,Take Groundwater,A,K36/0657,58.0,True,0.0,0.0,0.0,0.5,68801
207,CRC140903,Take Groundwater,A,K36/0657,58.0,True,0.0,0.0,0.0,0.5,168833
208,CRC154477,Take Groundwater,A,K36/0657,55.0,True,0.0,0.0,0.0,0.3235294117647059,68801
209,CRC154477,Take Groundwater,A,K36/0657,55.0,True,0.0,0.0,0.0,0.3235294117647059,168833
210,CRC143559,Take Groundwater,A,K37/3084,41.4,True,0.0,0.0,0.0,1.0,168834
211,CRC143559,Take Groundwater,A,K37/3084,41.4,True,0.0,0.0,0.0,1.0,68801
212,CRC144494,Take Groundwater,A,K37/2341,53.0,True,0.0,0.0,0.0,1.0,168834
213,CRC144494,Take Groundwater,A,K37/2341,53.0,True,0.0,0.0,0.0,1.0,68801
214,CRC144570,Take Groundwater,A,K37/0015,11.5,True,69.0,37.0,6.0,1.0,168834
215,CRC144570,Take Groundwater,A,K37/0015,11.5,True,69.0,37.0,6.0,1.0,68801
216,CRC145502,Take Groundwater,A,K36/0085,45.0,True,88.0,73.0,48.0,0.2903225806451613,68801
217,CRC145502,Take Groundwater,A,K36/0085,45.0,True,88.0,73.0,48.0,0.2903225806451613,168833
218,CRC145502,Take Groundwater,A,K36/0085,45.0,True,88.0,73.0,48.0,0.2903225806451613,168841
219,CRC145502,Take Groundwater,A,K36/0085,45.0,True,88.0,73.0,48.0,0.2903225806451613,168846
220,CRC145502,Take Groundwater,A,K36/0677,55.0,True,0.0,0.0,0.0,0.3548387096774194,68801
221,CRC145502,Take Groundwater,A,K36/0677,55.0,True,0.0,0.0,0.0,0.3548387096774194,168833
222,CRC145502,Take Groundwater,A,K36/0677,55.0,True,0.0,0.0,0.0,0.3548387096774194,168841
223,CRC145502,Take Groundwater,A,K36/0677,55.0,True,0.0,0.0,0.0,0.3548387096774194,168846
224,CRC145502,Take Groundwater,A,K36/0678,55.0,True,0.0,0.0,0.0,0.3548387096774194,68801
225,CRC145502,Take Groundwater,A,K36/0678,55.0,True,0.0,0.0,0.0,0.3548387096774194,168833
226,CRC145502,Take Groundwater,A,K36/0678,55.0,True,0.0,0.0,0.0,0.3548387096774194,168841
227,CRC145502,Take Groundwater,A,K36/0678,55.0,True,0.0,0.0,0.0,0.3548387096774194,168846
228,CRC145860,Take Groundwater,A,K36/0997,35.0,True,0.0,0.0,0.0,1.0,168834
229,CRC145860,Take Groundwater,A,K36/0997,35.0,True,0.0,0.0,0.0,1.0,68801
230,CRC145860,Take Groundwater,A,K36/0997,35.0,True,0.0,0.0,0.0,1.0,168837
231,CRC146145,Take Groundwater,A,K37/0427,10.0,True,78.0,53.0,20.0,1.0,68801
232,CRC150344,Take Groundwater,A,K36/0110,40.0,True,90.0,77.0,54.0,0.13245033112582782,68801
233,CRC150344,Take Groundwater,A,K36/0110,40.0,True,90.0,77.0,54.0,0.13245033112582782,168833
234,CRC150344,Take Groundwater,A,K36/0110,40.0,True,90.0,77.0,54.0,0.13245033112582782,168841
235,CRC150344,Take Groundwater,A,K36/0110,40.0,True,90.0,77.0,54.0,0.13245033112582782,168846
236,CRC150344,Take Groundwater,A,K36/0111,30.0,True,97.0,93.0,85.0,0.09933774834437085,68801
237,CRC150344,Take Groundwater,A,K36/0111,30.0,True,97.0,93.0,85.0,0.09933774834437085,168833
238,CRC150344,Take Groundwater,A,K36/0628,96.0,True,0.0,0.0,0.0,0.31788079470198677,68801
239,CRC150344,Take Groundwater,A,K36/0628,96.0,True,0.0,0.0,0.0,0.31788079470198677,168833
240,CRC150344,Take Groundwater,A,K36/0628,96.0,True,0.0,0.0,0.0,0.31788079470198677,168841
241,CRC150344,Take Groundwater,A,K36/0628,96.0,True,0.0,0.0,0.0,0.31788079470198677,168846
242,CRC150344,Take Groundwater,A,K36/0681,96.0,True,0.0,0.0,0.0,0.31788079470198677,68801
243,CRC150344,Take Groundwater,A,K36/0681,96.0,True,0.0,0.0,0.0,0.31788079470198677,168833
244,CRC150344,Take Groundwater,A,K36/0681,96.0,True,0.0,0.0,0.0,0.31788079470198677,168841
245,CRC150344,Take Groundwater,A,K36/0681,96.0,True,0.0,0.0,0.0,0.31788079470198677,168846
246,CRC150344,Take Groundwater,A,K36/1008,40.0,True,91.0,80.0,60.0,0.13245033112582782,68801
247,CRC150344,Take Groundwater,A,K36/1008,40.0,True,91.0,80.0,60.0,0.13245033112582782,168833
248,CRC150344,Take Groundwater,A,K36/1008,40.0,True,91.0,80.0,60.0,0.13245033112582782,168841
249,CRC150344,Take Groundwater,A,K36/1008,40.0,True,91.0,80.0,60.0,0.13245033112582782,168846
250,CRC151569,Take Surface Water,A,K36/0955,60.0,True,100.0,100.0,100.0,1.0,68801
251,CRC151569,Take Surface Water,A,K36/0955,60.0,True,100.0,100.0,100.0,1.0,168833
252,CRC151569,Take Surface Water,A,K36/0955,60.0,True,100.0,100.0,100.0,1.0,168841
253,CRC151569,Take Surface Water,A,K36/0955,60.0,True,100.0,100.0,100.0,1.0,168846
254,CRC151902,Take Groundwater,A,K36/0087,28.0,True,97.0,94.0,88.0,1.0,68801
255,CRC151902,Take Groundwater,A,K36/0087,28.0,True,97.0,94.0,88.0,1.0,168833
256,CRC151905,Take Groundwater,A,K36/0633,40.0,True,0.0,0.0,0.0,1.0,68801
257,CRC151905,Take Groundwater,A,K36/0633,40.0,True,0.0,0.0,0.0,1.0,168833
258,CRC152538,Take Groundwater,A,K36/0832,4.9,True,100.0,100.0,100.0,1.0,68801
259,CRC152538,Take Groundwater,A,K36/0832,4.9,True,100.0,100.0,100.0,1.0,168833
260,CRC152538,Take Groundwater,A,K36/0832,4.9,True,100.0,100.0,100.0,1.0,168821
261,CRC152835,Take Groundwater,A,K37/2358,46.0,True,90.0,77.0,54.0,0.304635761589404,68801
262,CRC152835,Take Groundwater,A,K37/2358,46.0,True,90.0,77.0,54.0,0.304635761589404,168833
263,CRC153080,Take Groundwater,A,BX20/0025,28.0,True,0.0,0.0,0.0,0.6222222222222222,168834
264,CRC153080,Take Groundwater,A,BX20/0025,28.0,True,0.0,0.0,0.0,0.6222222222222222,168849
265,CRC153080,Take Groundwater,A,BX20/0025,28.0,True,0.0,0.0,0.0,0.6222222222222222,68801
266,CRC153080,Take Groundwater,A,K35/0034,17.0,True,0.0,0.0,0.0,0.37777777777777777,168834
267,CRC153080,Take Groundwater,A,K35/0034,17.0,True,0.0,0.0,0.0,0.37777777777777777,168849
268,CRC153080,Take Groundwater,A,K35/0034,17.0,True,0.0,0.0,0.0,0.37777777777777777,68801
269,CRC154477,Take Groundwater,A,BY20/0078,75.0,True,0.0,0.0,0.0,0.4411764705882353,68801
270,CRC154477,Take Groundwater,A,BY20/0078,75.0,True,0.0,0.0,0.0,0.4411764705882353,168833
271,CRC154478,Take Groundwater,A,K36/0201,90.0,True,91.0,80.0,59.0,1.0,68801
272,CRC154478,Take Groundwater,A,K36/0201,90.0,True,91.0,80.0,59.0,1.0,168833
273,CRC154547,Take Groundwater,A,BY21/0027,100.0,True,0.0,0.0,0.0,1.0,68801
274,CRC154547,Take Groundwater,A,BY21/0027,100.0,True,0.0,0.0,0.0,1.0,168833
275,CRC154761,Take Groundwater,A,K37/2328,5.0,True,88.0,74.0,49.0,1.0,68801
276,CRC154761,Take Groundwater,A,K37/2328,5.0,True,88.0,74.0,49.0,1.0,168833
277,CRC155220,Take Groundwater,A,K36/0322,38.0,True,65.0,31.0,4.0,1.0,68801
278,CRC155220,Take Groundwater,A,K36/0322,38.0,True,65.0,31.0,4.0,1.0,168833
279,CRC156173,Take Groundwater,A,K36/0824,60.5,True,0.0,0.0,0.0,0.5,68801
280,CRC156173,Take Groundwater,A,K36/0824,60.5,True,0.0,0.0,0.0,0.5,168833
281,CRC156173,Take Groundwater,A,K36/0824,60.5,True,0.0,0.0,0.0,0.5,168821
282,CRC180409,Take Groundwater,A,K36/0824,87.0,True,0.0,0.0,0.0,0.5,68801
283,CRC180409,Take Groundwater,A,K36/0824,87.0,True,0.0,0.0,0.0,0.5,168833
284,CRC180409,Take Groundwater,A,K36/0824,87.0,True,0.0,0.0,0.0,0.5,168821
285,CRC156173,Take Groundwater,A,K36/0825,60.5,True,89.0,75.0,51.0,0.5,68801
286,CRC156173,Take Groundwater,A,K36/0825,60.5,True,89.0,75.0,51.0,0.5,168833
287,CRC156173,Take Groundwater,A,K36/0825,60.5,True,89.0,75.0,51.0,0.5,168821
288,CRC180409,Take Groundwater,A,K36/0825,87.0,True,89.0,75.0,51.0,0.5,68801
289,CRC180409,Take Groundwater,A,K36/0825,87.0,True,89.0,75.0,51.0,0.5,168833
290,CRC180409,Take Groundwater,A,K36/0825,87.0,True,89.0,75.0,51.0,0.5,168821
291,CRC156648,Take Groundwater,A,K37/0661,91.0,True,0.0,0.0,0.0,0.5,1688218
292,CRC156648,Take Groundwater,A,K37/0661,91.0,True,0.0,0.0,0.0,0.5,168840
293,CRC156648,Take Groundwater,A,K37/0961,91.0,True,0.0,0.0,0.0,0.5,1688218
294,CRC157702,Take Groundwater,A,K36/0620,70.0,True,0.0,0.0,0.0,1.0,68801
295,CRC157702,Take Groundwater,A,K36/0620,70.0,True,0.0,0.0,0.0,1.0,168833
296,CRC157761,Take Groundwater,A,K36/0792,65.0,True,75.0,48.0,15.0,0.43333333333333335,68801
297,CRC157761,Take Groundwater,A,K36/0792,65.0,True,75.0,48.0,15.0,0.43333333333333335,168833
298,CRC157761,Take Groundwater,A,K36/0793,30.0,True,0.0,0.0,0.0,0.2,68801
299,CRC157761,Take Groundwater,A,K36/0793,30.0,True,0.0,0.0,0.0,0.2,168833
300,CRC157761,Take Groundwater,A,K36/1085,55.0,True,0.0,0.0,0.0,0.36666666666666664,68801
301,CRC157761,Take Groundwater,A,K36/1085,55.0,True,0.0,0.0,0.0,0.36666666666666664,168833
302,CRC158152,Take Groundwater,A,BY20/0103,120.0,True,0.0,0.0,0.0,0.4528301886792453,168834
303,CRC158152,Take Groundwater,A,BY20/0103,120.0,True,0.0,0.0,0.0,0.4528301886792453,68801
304,CRC158152,Take Groundwater,A,BY20/0103,120.0,True,0.0,0.0,0.0,0.4528301886792453,168837
305,CRC158152,Take Groundwater,A,K36/0102,30.0,False,93.0,85.0,69.0,0.11320754716981132,168834
306,CRC158152,Take Groundwater,A,K36/0102,30.0,False,93.0,85.0,69.0,0.11320754716981132,68801
307,CRC158152,Take Groundwater,A,K36/0102,30.0,False,93.0,85.0,69.0,0.11320754716981132,168837
308,CRC158152,Take Groundwater,A,K36/0103,30.0,False,99.0,99.0,97.0,0.11320754716981132,168834
309,CRC158152,Take Groundwater,A,K36/0103,30.0,False,99.0,99.0,97.0,0.11320754716981132,68801
310,CRC158152,Take Groundwater,A,K36/0103,30.0,False,99.0,99.0,97.0,0.11320754716981132,168837
311,CRC158152,Take Groundwater,A,K36/0974,40.0,True,0.0,0.0,0.0,0.1509433962264151,168834
312,CRC158152,Take Groundwater,A,K36/0974,40.0,True,0.0,0.0,0.0,0.1509433962264151,68801
313,CRC158152,Take Groundwater,A,K36/0974,40.0,True,0.0,0.0,0.0,0.1509433962264151,168837
314,CRC158152,Take Groundwater,A,K36/0975,45.0,False,0.0,0.0,0.0,0.16981132075471697,168834
315,CRC158152,Take Groundwater,A,K36/0975,45.0,False,0.0,0.0,0.0,0.16981132075471697,68801
316,CRC158152,Take Groundwater,A,K36/0975,45.0,False,0.0,0.0,0.0,0.16981132075471697,168837
317,CRC158152,Take Surface Water,A,K36/0921,30.0,True,100.0,100.0,100.0,1.0,168834
318,CRC158152,Take Surface Water,A,K36/0921,30.0,True,100.0,100.0,100.0,1.0,68801
319,CRC158152,Take Surface Water,A,K36/0921,30.0,True,100.0,100.0,100.0,1.0,168837
320,CRC951530,Take Surface Water,A,K36/0921,30.0,True,100.0,100.0,100.0,1.0,168834
321,CRC951530,Take Surface Water,A,K36/0921,30.0,True,100.0,100.0,100.0,1.0,68801
322,CRC951530,Take Surface Water,A,K36/0921,30.0,True,100.0,100.0,100.0,1.0,168837
323,CRC160032,Take Groundwater,A,K36/0600,15.0,True,0.0,0.0,0.0,0.14285714285714285,168834
324,CRC160032,Take Groundwater,A,K36/0600,15.0,True,0.0,0.0,0.0,0.14285714285714285,68801
325,CRC160032,Take Groundwater,A,K36/0600,15.0,True,0.0,0.0,0.0,0.14285714285714285,168837
326,CRC160032,Take Groundwater,A,K36/0839,45.0,True,60.0,24.0,1.0,0.42857142857142855,168834
327,CRC160032,Take Groundwater,A,K36/0839,45.0,True,60.0,24.0,1.0,0.42857142857142855,68801
328,CRC160032,Take Groundwater,A,K36/0839,45.0,True,60.0,24.0,1.0,0.42857142857142855,168837
329,CRC160032,Take Groundwater,A,K36/0840,45.0,True,51.0,14.0,0.0,0.42857142857142855,168834
330,CRC160032,Take Groundwater,A,K36/0840,45.0,True,51.0,14.0,0.0,0.42857142857142855,68801
331,CRC160032,Take Groundwater,A,K36/0840,45.0,True,51.0,14.0,0.0,0.42857142857142855,168837
332,CRC161094,Take Groundwater,A,K37/2238,10.0,True,0.0,0.0,0.0,1.0,68801
333,CRC161095,Take Groundwater,A,K37/2239,5.5,True,81.0,58.0,26.0,1.0,68801
334,CRC161447,Take Groundwater,A,K36/0783,20.0,True,0.0,0.0,0.0,0.4444444444444444,68801
335,CRC161447,Take Groundwater,A,K36/0783,20.0,True,0.0,0.0,0.0,0.4444444444444444,168833
336,CRC161447,Take Groundwater,A,K36/1063,25.0,True,0.0,0.0,0.0,0.5555555555555556,68801
337,CRC161447,Take Groundwater,A,K36/1063,25.0,True,0.0,0.0,0.0,0.5555555555555556,168833
338,CRC162931,Take Groundwater,A,BY20/0118,55.0,True,0.0,0.0,0.0,0.4954954954954955,68801
339,CRC162931,Take Groundwater,A,BY20/0118,55.0,True,0.0,0.0,0.0,0.4954954954954955,168833
340,CRC162931,Take Groundwater,A,K36/0936,56.0,True,0.0,0.0,0.0,0.5045045045045045,68801
341,CRC162931,Take Groundwater,A,K36/0936,56.0,True,0.0,0.0,0.0,0.5045045045045045,168833
342,CRC164232,Take Groundwater,A,K36/0320,5.0,True,39.0,6.0,0.0,0.047619047619047616,68801
343,CRC164232,Take Groundwater,A,K36/0320,5.0,True,39.0,6.0,0.0,0.047619047619047616,168833
344,CRC164232,Take Groundwater,A,K36/0804,100.0,True,28.0,2.0,0.0,0.9523809523809523,68801
345,CRC164232,Take Groundwater,A,K36/0804,100.0,True,28.0,2.0,0.0,0.9523809523809523,168833
346,CRC165409,Take Groundwater,A,K36/0581,65.0,True,0.0,0.0,0.0,0.9285714285714286,68801
347,CRC165409,Take Groundwater,A,K36/0581,65.0,True,0.0,0.0,0.0,0.9285714285714286,168833
348,CRC165409,Take Groundwater,A,K36/1067,5.0,True,77.0,51.0,18.0,0.07142857142857142,68801
349,CRC165409,Take Groundwater,A,K36/1067,5.0,True,77.0,51.0,18.0,0.07142857142857142,168833
350,CRC167516,Take Surface Water,B,K36/1005,200.0,True,100.0,100.0,100.0,1.0,68801
351,CRC167516,Take Surface Water,B,K36/1005,200.0,True,100.0,100.0,100.0,1.0,168833
352,CRC167516,Take Surface Water,B,K36/1005,200.0,True,100.0,100.0,100.0,1.0,168821
353,CRC169467,Take Surface Water,A,BX20/0027,10.0,True,100.0,100.0,100.0,0.003937007874015748,68801
354,CRC169467,Take Surface Water,A,BX20/0027,10.0,True,100.0,100.0,100.0,0.003937007874015748,168833
355,CRC169467,Take Surface Water,A,K36/0906,70.0,True,100.0,100.0,100.0,0.027559055118110236,68801
356,CRC169467,Take Surface Water,A,K36/0906,70.0,True,100.0,100.0,100.0,0.027559055118110236,168833
357,CRC169467,Take Surface Water,A,K36/0906,70.0,True,100.0,100.0,100.0,0.027559055118110236,168821
358,CRC169467,Take Surface Water,A,K36/0908,70.0,True,100.0,100.0,100.0,0.027559055118110236,68801
359,CRC169467,Take Surface Water,A,K36/0908,70.0,True,100.0,100.0,100.0,0.027559055118110236,168833
360,CRC169467,Take Surface Water,A,K36/0908,70.0,True,100.0,100.0,100.0,0.027559055118110236,168821
361,CRC169467,Take Surface Water,A,K36/0909,10.0,True,100.0,100.0,100.0,0.003937007874015748,68801
362,CRC169467,Take Surface Water,A,K36/0909,10.0,True,100.0,100.0,100.0,0.003937007874015748,168833
363,CRC169467,Take Surface Water,A,K36/0909,10.0,True,100.0,100.0,100.0,0.003937007874015748,168841
364,CRC169467,Take Surface Water,A,K36/0909,10.0,True,100.0,100.0,100.0,0.003937007874015748,168846
365,CRC169467,Take Surface Water,A,K36/0910,100.0,True,100.0,100.0,100.0,0.03937007874015748,168834
366,CRC169467,Take Surface Water,A,K36/0910,100.0,True,100.0,100.0,100.0,0.03937007874015748,68801
367,CRC169467,Take Surface Water,A,K36/0911,480.0,True,100.0,100.0,100.0,0.1889763779527559,168834
368,CRC169467,Take Surface Water,A,K36/0911,480.0,True,100.0,100.0,100.0,0.1889763779527559,168849
369,CRC169467,Take Surface Water,A,K36/0911,480.0,True,100.0,100.0,100.0,0.1889763779527559,68801
370,CRC169467,Take Surface Water,A,K36/0912,1700.0,True,100.0,100.0,100.0,0.6692913385826772,168834
371,CRC169467,Take Surface Water,A,K36/0912,1700.0,True,100.0,100.0,100.0,0.6692913385826772,68801
372,CRC169467,Take Surface Water,A,K36/0966,100.0,True,100.0,100.0,100.0,0.03937007874015748,68801
373,CRC169467,Take Surface Water,A,K36/0966,100.0,True,100.0,100.0,100.0,0.03937007874015748,168833
374,CRC169467,Take Surface Water,A,K36/0966,100.0,True,100.0,100.0,100.0,0.03937007874015748,168821
375,CRC169502,Take Surface Water,A,BY20/0088,120.0,True,100.0,100.0,100.0,0.03965631196298744,68801
376,CRC169502,Take Surface Water,A,BY20/0088,120.0,True,100.0,100.0,100.0,0.03965631196298744,168833
377,CRC169502,Take Surface Water,A,K36/0904,40.0,True,100.0,100.0,100.0,0.013218770654329148,68801
378,CRC169502,Take Surface Water,A,K36/0904,40.0,True,100.0,100.0,100.0,0.013218770654329148,168833
379,CRC169502,Take Surface Water,A,K36/0905,110.0,True,100.0,100.0,100.0,0.036351619299405155,68801
380,CRC169502,Take Surface Water,A,K36/0905,110.0,True,100.0,100.0,100.0,0.036351619299405155,168833
381,CRC169502,Take Surface Water,A,K36/0905,110.0,True,100.0,100.0,100.0,0.036351619299405155,48
382,CRC169502,Take Surface Water,A,K36/1031,2500.0,True,100.0,100.0,100.0,0.8261731658955717,68801
383,CRC169502,Take Surface Water,A,K36/1031,2500.0,True,100.0,100.0,100.0,0.8261731658955717,168833
384,CRC169502,Take Surface Water,A,K36/1031,2500.0,True,100.0,100.0,100.0,0.8261731658955717,48
385,CRC169502,Take Surface Water,A,K37/2786,56.0,True,100.0,100.0,100.0,0.018506278916060808,68801
386,CRC169502,Take Surface Water,A,K37/2786,56.0,True,100.0,100.0,100.0,0.018506278916060808,168833
387,CRC169502,Take Surface Water,A,K37/2787,120.0,True,100.0,100.0,100.0,0.03965631196298744,68801
388,CRC169502,Take Surface Water,A,K37/2787,120.0,True,100.0,100.0,100.0,0.03965631196298744,168833
389,CRC169502,Take Surface Water,A,K37/2788,80.0,True,100.0,100.0,100.0,0.026437541308658295,68801
390,CRC169502,Take Surface Water,A,K37/2788,80.0,True,100.0,100.0,100.0,0.026437541308658295,168833
391,CRC169504,Take Surface Water,A,BY20/0089,790.0,True,100.0,100.0,100.0,1.0,168834
392,CRC169504,Take Surface Water,A,BY20/0089,790.0,True,100.0,100.0,100.0,1.0,68801
393,CRC169504,Take Surface Water,A,BY20/0089,790.0,True,100.0,100.0,100.0,1.0,168837
394,CRC169922,Take Groundwater,A,K37/1016,50.0,True,0.0,0.0,0.0,1.0,168834
395,CRC169922,Take Groundwater,A,K37/1016,50.0,True,0.0,0.0,0.0,1.0,68801
396,CRC170632,Take Surface Water,A,K36/0869,45.5,True,100.0,100.0,100.0,1.0,68801
397,CRC170632,Take Surface Water,A,K36/0869,45.5,True,100.0,100.0,100.0,1.0,168833
398,CRC171378,Take Groundwater,A,BY20/0128,40.0,True,0.0,0.0,0.0,1.0,68801
399,CRC171378,Take Groundwater,A,BY20/0128,40.0,True,0.0,0.0,0.0,1.0,168833
400,CRC171990,Take Groundwater,A,K36/0574,25.0,True,94.0,87.0,73.0,1.0,68801
401,CRC171990,Take Groundwater,A,K36/0574,25.0,True,94.0,87.0,73.0,1.0,168833
402,CRC172201,Take Groundwater,A,K37/3085,23.0,False,93.0,84.0,68.0,1.0,68801
403,CRC172636,Take Groundwater,A,K37/3194,4.88,True,87.0,72.0,46.0,1.0,68801
404,CRC173404,Take Surface Water,B,K36/1090,200.0,True,100.0,100.0,100.0,1.0,168834
405,CRC173404,Take Surface Water,B,K36/1090,200.0,True,100.0,100.0,100.0,1.0,68801
406,CRC174173,Take Groundwater,A,K37/0455,4.8,True,96.0,91.0,81.0,0.2424242424242424,1688218
407,CRC174173,Take Groundwater,A,K37/0456,15.0,True,0.0,0.0,0.0,0.7575757575757576,1688218
408,CRC174336,Take Groundwater,A,BX20/0015,3.0,True,0.0,0.0,0.0,1.0,68801
409,CRC174336,Take Groundwater,A,BX20/0015,3.0,True,0.0,0.0,0.0,1.0,168833
410,CRC174644,Take Groundwater,A,BX20/0037,25.0,True,0.0,0.0,0.0,0.8928571428571429,168834
411,CRC174644,Take Groundwater,A,BX20/0037,25.0,True,0.0,0.0,0.0,0.8928571428571429,68801
412,CRC174644,Take Groundwater,B,BX20/0037,25.0,True,0.0,0.0,0.0,1.0,168834
413,CRC174644,Take Groundwater,B,BX20/0037,25.0,True,0.0,0.0,0.0,1.0,68801
414,CRC174644,Take Groundwater,A,BX20/0058,3.0,True,100.0,100.0,100.0,0.10714285714285714,168834
415,CRC174644,Take Groundwater,A,BX20/0058,3.0,True,100.0,100.0,100.0,0.10714285714285714,68801
416,CRC175053,Take Surface Water,B,K36/1006,200.0,True,100.0,100.0,100.0,1.0,168834
417,CRC175053,Take Surface Water,B,K36/1006,200.0,True,100.0,100.0,100.0,1.0,68801
418,CRC175063,Take Surface Water,B,K36/0963,100.0,True,100.0,100.0,100.0,1.0,168834
419,CRC175063,Take Surface Water,B,K36/0963,100.0,True,100.0,100.0,100.0,1.0,68801
420,CRC175893,Take Groundwater,A,K37/1427,4.6,True,0.0,0.0,0.0,1.0,1688218
421,CRC175893,Take Groundwater,A,K37/1427,4.6,True,0.0,0.0,0.0,1.0,168840
422,CRC176167,Take Groundwater,A,K37/0354,20.0,True,88.0,74.0,49.0,1.0,68801
423,CRC176167,Take Groundwater,A,K37/0354,20.0,True,88.0,74.0,49.0,1.0,168833
424,CRC176315,Take Groundwater,A,K36/0086,53.0,True,92.0,82.0,63.0,0.5,68801
425,CRC176315,Take Groundwater,A,K36/0086,53.0,True,92.0,82.0,63.0,0.5,168833
426,CRC176315,Take Groundwater,A,K36/0086,53.0,True,92.0,82.0,63.0,0.5,168841
427,CRC176315,Take Groundwater,A,K36/0086,53.0,True,92.0,82.0,63.0,0.5,168846
428,CRC176315,Take Groundwater,A,K36/0116,53.0,True,95.0,89.0,77.0,0.5,68801
429,CRC176315,Take Groundwater,A,K36/0116,53.0,True,95.0,89.0,77.0,0.5,168833
430,CRC176315,Take Groundwater,A,K36/0116,53.0,True,95.0,89.0,77.0,0.5,168841
431,CRC176315,Take Groundwater,A,K36/0116,53.0,True,95.0,89.0,77.0,0.5,168846
432,CRC176317,Take Surface Water,A,K36/0862,240.0,True,100.0,100.0,100.0,1.0,68801
433,CRC176317,Take Surface Water,A,K36/0862,240.0,True,100.0,100.0,100.0,1.0,168833
434,CRC176317,Take Surface Water,A,K36/0862,240.0,True,100.0,100.0,100.0,1.0,168841
435,CRC176317,Take Surface Water,A,K36/0862,240.0,True,100.0,100.0,100.0,1.0,168846
436,CRC176434,Take Surface Water,A,K36/0970,100.0,True,100.0,100.0,100.0,1.0,68801
437,CRC176434,Take Surface Water,A,K36/0970,100.0,True,100.0,100.0,100.0,1.0,168833
438,CRC176434,Take Surface Water,A,K36/0970,100.0,True,100.0,100.0,100.0,1.0,168821
439,CRC180091,Take Groundwater,A,K36/0134,21.0,True,96.0,92.0,84.0,1.0,168834
440,CRC180091,Take Groundwater,A,K36/0134,21.0,True,96.0,92.0,84.0,1.0,68801
441,CRC180091,Take Groundwater,A,K36/0134,21.0,True,96.0,92.0,84.0,1.0,168837
442,CRC180918,Take Groundwater,A,K36/0208,12.0,True,91.0,79.0,59.0,1.0,68801
443,CRC180918,Take Groundwater,A,K36/0208,12.0,True,91.0,79.0,59.0,1.0,168833
444,CRC180918,Take Groundwater,A,K36/0208,12.0,True,91.0,79.0,59.0,1.0,168821
445,CRC181007,Take Groundwater,A,BY21/0093,30.0,True,0.0,0.0,0.0,1.0,68801
446,CRC181007,Take Groundwater,A,BY21/0093,30.0,True,0.0,0.0,0.0,1.0,168833
447,CRC181876,Take Groundwater,A,K37/0556,14.0,True,0.0,0.0,0.0,1.0,1688218
448,CRC181876,Take Groundwater,A,K37/0556,14.0,True,0.0,0.0,0.0,1.0,168840
449,CRC181906,Take Groundwater,A,K36/0758,36.0,True,0.0,0.0,0.0,1.0,68801
450,CRC181906,Take Groundwater,A,K36/0758,36.0,True,0.0,0.0,0.0,1.0,168833
451,CRC181906,Take Groundwater,A,K36/0758,36.0,True,0.0,0.0,0.0,1.0,168841
452,CRC181906,Take Groundwater,A,K36/0758,36.0,True,0.0,0.0,0.0,1.0,168846
453,CRC184301,Take Groundwater,A,BY20/0183,5.0,True,89.0,75.0,51.0,0.03597122302158273,68801
454,CRC184301,Take Groundwater,A,BY20/0183,5.0,True,89.0,75.0,51.0,0.03597122302158273,168833
455,CRC184301,Take Groundwater,A,K37/1536,62.0,True,0.0,0.0,0.0,0.4460431654676259,68801
456,CRC184301,Take Groundwater,A,K37/1536,62.0,True,0.0,0.0,0.0,0.4460431654676259,168833
457,CRC184301,Take Groundwater,A,K37/3080,72.0,True,0.0,0.0,0.0,0.5179856115107914,68801
458,CRC184301,Take Groundwater,A,K37/3080,72.0,True,0.0,0.0,0.0,0.5179856115107914,168833
459,CRC186071,Take Groundwater,A,K37/1522,60.0,True,0.0,0.0,0.0,1.0,68801
460,CRC186071,Take Groundwater,A,K37/1522,60.0,True,0.0,0.0,0.0,1.0,168833
461,CRC190704,Take Groundwater,A,K36/1000,33.5,False,0.0,0.0,0.0,1.0,68801
462,CRC190704,Take Groundwater,A,K36/1000,33.5,False,0.0,0.0,0.0,1.0,168833
463,CRC921547C,Take Surface Water,A,K36/0893,990.0,True,100.0,100.0,100.0,1.0,68801
464,CRC921547C,Take Surface Water,A,K36/0893,990.0,True,100.0,100.0,100.0,1.0,168833
465,CRC921547H,Take Surface Water,A,K36/0895,230.0,True,100.0,100.0,100.0,1.0,168834
466,CRC921547H,Take Surface Water,A,K36/0895,230.0,True,100.0,100.0,100.0,1.0,68801
467,CRC921547H,Take Surface Water,A,K36/0895,230.0,True,100.0,100.0,100.0,1.0,168837
468,CRC921547J,Take Surface Water,A,K36/0894,230.0,True,100.0,100.0,100.0,1.0,68801
469,CRC921547J,Take Surface Water,A,K36/0894,230.0,True,100.0,100.0,100.0,1.0,168833
470,CRC921550B,Take Groundwater,A,K37/0385,30.0,True,82.0,61.0,29.0,1.0,68801
471,CRC921550B,Take Groundwater,A,K37/0385,30.0,True,82.0,61.0,29.0,1.0,168833
472,CRC921550C,Take Groundwater,A,K37/0386,95.0,True,92.0,83.0,66.0,0.5,68801
473,CRC921550C,Take Groundwater,A,K37/0386,95.0,True,92.0,83.0,66.0,0.5,168833
474,CRC921550C,Take Groundwater,A,K37/0390,95.0,True,90.0,78.0,56.0,0.5,68801
475,CRC921550C,Take Groundwater,A,K37/0390,95.0,True,90.0,78.0,56.0,0.5,168833
476,CRC921550D,Take Groundwater,A,K37/0463,27.0,True,95.0,89.0,78.0,1.0,68801
477,CRC921550D,Take Groundwater,A,K37/0463,27.0,True,95.0,89.0,78.0,1.0,168833
478,CRC921550E,Take Groundwater,A,K37/0342,28.0,True,100.0,99.0,98.0,1.0,68801
479,CRC921550E,Take Groundwater,A,K37/0342,28.0,True,100.0,99.0,98.0,1.0,168833
480,CRC921550G,Take Groundwater,A,K37/0388,36.0,True,98.0,96.0,91.0,1.0,68801
481,CRC921550G,Take Groundwater,A,K37/0388,36.0,True,98.0,96.0,91.0,1.0,168833
482,CRC950584,Take Groundwater,A,K36/0136,38.0,True,100.0,100.0,99.0,1.0,68801
483,CRC950584,Take Groundwater,A,K36/0136,38.0,True,100.0,100.0,99.0,1.0,168833
484,CRC950584,Take Groundwater,A,K36/0136,38.0,True,100.0,100.0,99.0,1.0,168841
485,CRC950584,Take Groundwater,A,K36/0136,38.0,True,100.0,100.0,99.0,1.0,168846
486,CRC950885,Take Surface Water,A,K36/0857,800.0,True,100.0,100.0,100.0,0.38095238095238093,68801
487,CRC950885,Take Surface Water,A,K36/0857,800.0,True,100.0,100.0,100.0,0.38095238095238093,168833
488,CRC950885,Take Surface Water,A,K36/0857,800.0,True,100.0,100.0,100.0,0.38095238095238093,168821
489,CRC950930.2,Take Surface Water,A,K36/0857,800.0,True,100.0,100.0,100.0,0.5,68801
490,CRC950930.2,Take Surface Water,A,K36/0857,800.0,True,100.0,100.0,100.0,0.5,168833
491,CRC950930.2,Take Surface Water,A,K36/0857,800.0,True,100.0,100.0,100.0,0.5,168821
492,CRC950931.1,Take Surface Water,A,K36/0857,500.0,True,100.0,100.0,100.0,0.3333333333333333,68801
493,CRC950931.1,Take Surface Water,A,K36/0857,500.0,True,100.0,100.0,100.0,0.3333333333333333,168833
494,CRC950931.1,Take Surface Water,A,K36/0857,500.0,True,100.0,100.0,100.0,0.3333333333333333,168821
495,CRC972504.1,Take Surface Water,A,K36/0857,800.0,True,100.0,100.0,100.0,0.5,68801
496,CRC972504.1,Take Surface Water,A,K36/0857,800.0,True,100.0,100.0,100.0,0.5,168833
497,CRC972504.1,Take Surface Water,A,K36/0857,800.0,True,100.0,100.0,100.0,0.5,168821
498,CRC950885,Take Surface Water,A,K36/0858,500.0,True,100.0,100.0,100.0,0.23809523809523808,68801
499,CRC950885,Take Surface Water,A,K36/0858,500.0,True,100.0,100.0,100.0,0.23809523809523808,168833
500,CRC950885,Take Surface Water,A,K36/0858,500.0,True,100.0,100.0,100.0,0.23809523809523808,168821
501,CRC950931.1,Take Surface Water,A,K36/0858,500.0,True,100.0,100.0,100.0,0.3333333333333333,68801
502,CRC950931.1,Take Surface Water,A,K36/0858,500.0,True,100.0,100.0,100.0,0.3333333333333333,168833
503,CRC950931.1,Take Surface Water,A,K36/0858,500.0,True,100.0,100.0,100.0,0.3333333333333333,168821
504,CRC950885,Take Surface Water,A,K36/0859,800.0,True,100.0,100.0,100.0,0.38095238095238093,68801
505,CRC950885,Take Surface Water,A,K36/0859,800.0,True,100.0,100.0,100.0,0.38095238095238093,168833
506,CRC950885,Take Surface Water,A,K36/0859,800.0,True,100.0,100.0,100.0,0.38095238095238093,168821
507,CRC950930.2,Take Surface Water,A,K36/0859,800.0,True,100.0,100.0,100.0,0.5,68801
508,CRC950930.2,Take Surface Water,A,K36/0859,800.0,True,100.0,100.0,100.0,0.5,168833
509,CRC950930.2,Take Surface Water,A,K36/0859,800.0,True,100.0,100.0,100.0,0.5,168821
510,CRC950931.1,Take Surface Water,A,K36/0859,500.0,True,100.0,100.0,100.0,0.3333333333333333,68801
511,CRC950931.1,Take Surface Water,A,K36/0859,500.0,True,100.0,100.0,100.0,0.3333333333333333,168833
512,CRC950931.1,Take Surface Water,A,K36/0859,500.0,True,100.0,100.0,100.0,0.3333333333333333,168821
513,CRC972504.1,Take Surface Water,A,K36/0859,800.0,True,100.0,100.0,100.0,0.5,68801
514,CRC972504.1,Take Surface Water,A,K36/0859,800.0,True,100.0,100.0,100.0,0.5,168833
515,CRC972504.1,Take Surface Water,A,K36/0859,800.0,True,100.0,100.0,100.0,0.5,168821
516,CRC951118,Take Groundwater,A,K36/0109,23.0,True,84.0,65.0,35.0,1.0,68801
517,CRC951118,Take Groundwater,A,K36/0109,23.0,True,84.0,65.0,35.0,1.0,168833
518,CRC951119,Take Surface Water,A,K36/0861,23.0,True,100.0,100.0,100.0,1.0,68801
519,CRC951119,Take Surface Water,A,K36/0861,23.0,True,100.0,100.0,100.0,1.0,168833
520,CRC951542.1,Take Surface Water,A,K37/2617,25.0,True,100.0,100.0,100.0,1.0,68801
521,CRC951542.1,Take Surface Water,A,K37/2617,25.0,True,100.0,100.0,100.0,1.0,168833
522,CRC951596.1,Take Groundwater,A,K36/0043,32.0,True,94.0,86.0,72.0,1.0,68801
523,CRC951596.1,Take Groundwater,A,K36/0043,32.0,True,94.0,86.0,72.0,1.0,168833
524,CRC951604.1,Take Surface Water,A,K36/0871,80.0,True,100.0,100.0,100.0,1.0,68801
525,CRC951604.1,Take Surface Water,A,K36/0871,80.0,True,100.0,100.0,100.0,1.0,168833
526,CRC951604.1,Take Surface Water,A,K36/0871,80.0,True,100.0,100.0,100.0,1.0,48
527,CRC951747,Take Surface Water,A,K36/0863,240.0,True,100.0,100.0,100.0,1.0,68801
528,CRC951747,Take Surface Water,A,K36/0863,240.0,True,100.0,100.0,100.0,1.0,168833
529,CRC951862.4,Take Surface Water,A,K36/0883,12.0,True,100.0,100.0,100.0,1.0,68801
530,CRC951862.4,Take Surface Water,A,K36/0883,12.0,True,100.0,100.0,100.0,1.0,168833
531,CRC951862.4,Take Surface Water,A,K36/0883,12.0,True,100.0,100.0,100.0,1.0,168821
532,CRC951934.2,Take Surface Water,A,K36/0864,341.0,True,100.0,100.0,100.0,1.0,168834
533,CRC951934.2,Take Surface Water,A,K36/0864,341.0,True,100.0,100.0,100.0,1.0,68801
534,CRC951956,Take Surface Water,A,K37/2632,38.0,True,100.0,100.0,100.0,1.0,68801
535,CRC951956,Take Surface Water,A,K37/2632,38.0,True,100.0,100.0,100.0,1.0,168833
536,CRC951957,Take Surface Water,A,K37/2633,30.0,True,100.0,100.0,100.0,1.0,1688218
537,CRC951957,Take Surface Water,A,K37/2633,30.0,True,100.0,100.0,100.0,1.0,168840
538,CRC952061.1,Take Surface Water,A,K37/2635,85.0,True,100.0,100.0,100.0,1.0,68801
539,CRC952061.1,Take Surface Water,A,K37/2635,85.0,True,100.0,100.0,100.0,1.0,168833
540,CRC952441,Take Surface Water,A,K36/0867,240.0,True,100.0,100.0,100.0,1.0,168834
541,CRC952441,Take Surface Water,A,K36/0867,240.0,True,100.0,100.0,100.0,1.0,68801
542,CRC960085,Take Groundwater,A,K37/0348,12.0,True,92.0,81.0,62.0,1.0,68801
543,CRC961553.1,Take Groundwater,A,K36/0150,96.0,True,87.0,72.0,46.0,0.3333333333333333,68801
544,CRC961553.1,Take Groundwater,A,K36/0150,96.0,True,87.0,72.0,46.0,0.3333333333333333,168833
545,CRC961553.1,Take Groundwater,A,K36/0151,96.0,True,73.0,44.0,11.0,0.3333333333333333,68801
546,CRC961553.1,Take Groundwater,A,K36/0151,96.0,True,73.0,44.0,11.0,0.3333333333333333,168833
547,CRC961553.1,Take Groundwater,A,K36/0323,96.0,True,73.0,44.0,11.0,0.3333333333333333,68801
548,CRC961553.1,Take Groundwater,A,K36/0323,96.0,True,73.0,44.0,11.0,0.3333333333333333,168833
549,CRC961684,Take Groundwater,A,K36/0152,10.0,False,59.0,23.0,1.0,1.0,168834
550,CRC961684,Take Groundwater,A,K36/0152,10.0,False,59.0,23.0,1.0,1.0,68801
551,CRC961684,Take Groundwater,A,K36/0152,10.0,False,59.0,23.0,1.0,1.0,168837
552,CRC970921.1,Take Groundwater,A,K37/0692,7.0,True,0.0,0.0,0.0,1.0,68801
553,CRC970931.1,Take Groundwater,A,K36/0179,45.5,True,97.0,94.0,88.0,1.0,168834
554,CRC970931.1,Take Groundwater,A,K36/0179,45.5,True,97.0,94.0,88.0,1.0,68801
555,CRC970931.1,Take Groundwater,A,K36/0179,45.5,True,97.0,94.0,88.0,1.0,168837
556,CRC980368.2,Take Groundwater,A,K36/0186,42.0,True,84.0,64.0,34.0,0.328125,68801
557,CRC980368.2,Take Groundwater,A,K36/0186,42.0,True,84.0,64.0,34.0,0.328125,168833
558,CRC980368.2,Take Groundwater,A,K36/0186,42.0,True,84.0,64.0,34.0,0.328125,168841
559,CRC980368.2,Take Groundwater,A,K36/0186,42.0,True,84.0,64.0,34.0,0.328125,168846
560,CRC981296.1,Take Groundwater,A,K37/0770,7.5,True,0.0,0.0,0.0,1.0,1688218
561,CRC981478.1,Take Groundwater,A,K37/0158,10.0,True,91.0,80.0,60.0,1.0,1688218
562,CRC981478.1,Take Groundwater,A,K37/0158,10.0,True,91.0,80.0,60.0,1.0,168840
563,CRC990492.1,Take Groundwater,A,K37/0829,4.0,True,91.0,81.0,61.0,1.0,68801
564,CRC990492.1,Take Groundwater,A,K37/0829,4.0,True,91.0,81.0,61.0,1.0,168833
565,CRC990562,Take Groundwater,A,K36/0210,39.0,True,0.0,0.0,0.0,0.5,168834
566,CRC990562,Take Groundwater,A,K36/0210,39.0,True,0.0,0.0,0.0,0.5,68801
567,CRC990562,Take Groundwater,A,K36/0210,39.0,True,0.0,0.0,0.0,0.5,168837
568,CRC990562,Take Groundwater,A,K36/0239,39.0,True,0.0,0.0,0.0,0.5,168834
569,CRC990562,Take Groundwater,A,K36/0239,39.0,True,0.0,0.0,0.0,0.5,68801
570,CRC990562,Take Groundwater,A,K36/0239,39.0,True,0.0,0.0,0.0,0.5,168837
571,CRC990718.1,Take Surface Water,A,K36/0874,114.0,True,100.0,100.0,100.0,0.3333333333333333,168834
572,CRC990718.1,Take Surface Water,A,K36/0874,114.0,True,100.0,100.0,100.0,0.3333333333333333,68801
573,CRC990718.1,Take Surface Water,A,K36/0874,114.0,True,100.0,100.0,100.0,0.3333333333333333,168837
574,CRC990718.1,Take Surface Water,A,K36/0875,114.0,True,100.0,100.0,100.0,0.3333333333333333,168834
575,CRC990718.1,Take Surface Water,A,K36/0875,114.0,True,100.0,100.0,100.0,0.3333333333333333,68801
576,CRC990718.1,Take Surface Water,A,K36/0875,114.0,True,100.0,100.0,100.0,0.3333333333333333,168837
577,CRC990718.1,Take Surface Water,A,K36/0876,114.0,True,100.0,100.0,100.0,0.3333333333333333,168834
578,CRC990718.1,Take Surface Water,A,K36/0876,114.0,True,100.0,100.0,100.0,0.3333333333333333,68801
579,CRC990718.1,Take Surface Water,A,K36/0876,114.0,True,100.0,100.0,100.0,0.3333333333333333,168837
580,CRC991408,Take Groundwater,A,K37/0341,12.6,True,96.0,91.0,81.0,1.0,68801
581,CRC991516.1,Take Groundwater,A,K36/0213,130.0,True,96.0,90.0,80.0,0.25,68801
582,CRC991516.1,Take Groundwater,A,K36/0213,130.0,True,96.0,90.0,80.0,0.25,168833
583,CRC991516.1,Take Groundwater,A,K36/0548,130.0,True,100.0,100.0,100.0,0.25,68801
584,CRC991516.1,Take Groundwater,A,K36/0548,130.0,True,100.0,100.0,100.0,0.25,168833
585,CRC991516.1,Take Groundwater,A,K36/0551,130.0,True,88.0,73.0,47.0,0.25,68801
586,CRC991516.1,Take Groundwater,A,K36/0551,130.0,True,88.0,73.0,47.0,0.25,168833
587,CRC991516.1,Take Groundwater,A,K36/0552,130.0,True,86.0,69.0,40.0,0.25,68801
588,CRC991516.1,Take Groundwater,A,K36/0552,130.0,True,86.0,69.0,40.0,0.25,168833
589,CRC992268,Take Groundwater,A,K37/0905,7.0,True,95.0,89.0,77.0,1.0,68801
590,CRC992268,Take Groundwater,A,K37/0905,7.0,True,95.0,89.0,77.0,1.0,168833
